<?xml version="1.0" encoding="UTF-8"?>
<beans xmlns="http://www.springframework.org/schema/beans"
       xmlns:xsi="http://www.w3.org/2001/XMLSchema-instance"
       xmlns:context="http://www.springframework.org/schema/context"
       xsi:schemaLocation="http://www.springframework.org/schema/beans
        http://www.springframework.org/schema/beans/spring-beans.xsd
        http://www.springframework.org/schema/context
        http://www.springframework.org/schema/context/spring-context.xsd">

    <context:property-placeholder location="classpath:jdbc.properties"/>

    <!--配置数据库连接池-->
    <bean id="dataSource" class="com.mchange.v2.c3p0.ComboPooledDataSource">
        <!--配置基本的数据库连接-->
        <property name="driverClass" value="${jdbc.driver}"/>
        <property name="jdbcUrl" value="${jdbc.url}"/>
        <property name="user" value="${jdbc.user}"/>
        <property name="password" value="${jdbc.password}"/>
        <!--c3p0私有属性-->
        <property name="maxPoolSize" value="30"/>
        <property name="minPoolSize" value="10"/>
        <!--关闭连接后不自动commit-->
        <property name="autoCommitOnClose" value="false"/>
        <!--获取连接超时时间-->
        <property name="checkoutTimeout" value="1000"/>
        <!--当获取连接失败时的重试次数-->
    </bean>
    <!--配置sqlSessionFactory对象-->
    <bean id="sqlSessionFactory" class="org.mybatis.spring.SqlSessionFactoryBean">
        <!--注入数据库连接池-->
        <property name="dataSource" ref="dataSource"/>
        <!--配置mybatis全局配置文件-->
        <property name="configLocation" value="classpath:mybatis-config.xml"/>
        <!--配置entity包,也就是实体类包，自动扫描,用于别名配置-->
        <property name="typeAliasesPackage" value="com.suny.entity"/>
        <!--配置需要扫描的mapper.xml文件-->
        <property name="mapperLocations" value="classpath*:com/suny/dao/*.xml"/>
    </bean>

    <!--配置mapper接口包,动态实现mapper接口，注入到Spring容器-->
    <bean class="org.mybatis.spring.mapper.MapperScannerConfigurer">
        <!--注入sqlSessionFactory,请注意不要使用sqlSessionFactoryBean，否则会出现注入异常-->
        <property name="sqlSessionFactoryBeanName" value="sqlSessionFactory"/>
        <!--给出要扫描的mapper接口-->
        <property name="basePackage" value="com.suny.dao"/>
    </bean>

    <!--注入redisDao-->
    <bean id="redisDao" class="com.suny.dao.cache.RedisDao">
        <!--构造方法注入值-->
        <constructor-arg index="0" value="localhost"/>
        <constructor-arg index="1" value="6379"/>
    </bean>

</beans>








